<?xml version="1.0" encoding="utf-8"?>
<extension type="plugin" group="system" method="upgrade" version="4.0">
    <name>plg_system_offroadstage</name>
    <author>OffroadSerbia</author>
    <creationDate>2025-08-25</creationDate>
    <version>1.0.0</version>
    <description>PLG_SYSTEM_OFFROADSTAGE_DESC</description>
    <authorEmail>admin@offroadserbia.com</authorEmail>
    <authorUrl>https://offroadserbia.com</authorUrl>
    <license>GPL-2.0-or-later</license>

    <files>
        <filename plugin="offroadstage">offroadstage.php</filename>
        <folder>language</folder>
    </files>

    <languages>
        <language tag="en-GB">language/en-GB/en-GB.plg_system_offroadstage.ini</language>
        <language tag="sr-RS">language/sr-RS/sr-RS.plg_system_offroadstage.ini</language>
    </languages>

    <config>
        <fields name="params">
            <fieldset name="basic">
                <field
                    name="staging_domains"
                    type="textarea"
                    label="PLG_SYSTEM_OFFROADSTAGE_DOMAINS_LABEL"
                    description="PLG_SYSTEM_OFFROADSTAGE_DOMAINS_DESC"
                    default="staging.offroadserbia.com"
                    rows="3"
                />
            </fieldset>
        </fields>
    </config>
</extension>
